Date,Cash Rate Target on date
04-Jan-2011,4.75
05-Jan-2011,4.75
06-Jan-2011,4.75
07-Jan-2011,4.75
10-Jan-2011,4.75
11-Jan-2011,4.75
12-Jan-2011,4.75
13-Jan-2011,4.75
14-Jan-2011,4.75
17-Jan-2011,4.75
18-Jan-2011,4.75
19-Jan-2011,4.75
20-Jan-2011,4.75
21-Jan-2011,4.75
24-Jan-2011,4.75
25-Jan-2011,4.75
27-Jan-2011,4.75
28-Jan-2011,4.75
31-Jan-2011,4.75
01-Feb-2011,4.75
02-Feb-2011,4.75
03-Feb-2011,4.75
04-Feb-2011,4.75
07-Feb-2011,4.75
08-Feb-2011,4.75
09-Feb-2011,4.75
10-Feb-2011,4.75
11-Feb-2011,4.75
14-Feb-2011,4.75
15-Feb-2011,4.75
16-Feb-2011,4.75
17-Feb-2011,4.75
18-Feb-2011,4.75
21-Feb-2011,4.75
22-Feb-2011,4.75
23-Feb-2011,4.75
24-Feb-2011,4.75
25-Feb-2011,4.75
28-Feb-2011,4.75
01-Mar-2011,4.75
02-Mar-2011,4.75
03-Mar-2011,4.75
04-Mar-2011,4.75
07-Mar-2011,4.75
08-Mar-2011,4.75
09-Mar-2011,4.75
10-Mar-2011,4.75
11-Mar-2011,4.75
14-Mar-2011,4.75
15-Mar-2011,4.75
16-Mar-2011,4.75
17-Mar-2011,4.75
18-Mar-2011,4.75
21-Mar-2011,4.75
22-Mar-2011,4.75
23-Mar-2011,4.75
24-Mar-2011,4.75
25-Mar-2011,4.75
28-Mar-2011,4.75
29-Mar-2011,4.75
30-Mar-2011,4.75
31-Mar-2011,4.75
01-Apr-2011,4.75
04-Apr-2011,4.75
05-Apr-2011,4.75
06-Apr-2011,4.75
07-Apr-2011,4.75
08-Apr-2011,4.75
11-Apr-2011,4.75
12-Apr-2011,4.75
13-Apr-2011,4.75
14-Apr-2011,4.75
15-Apr-2011,4.75
18-Apr-2011,4.75
19-Apr-2011,4.75
20-Apr-2011,4.75
21-Apr-2011,4.75
27-Apr-2011,4.75
28-Apr-2011,4.75
29-Apr-2011,4.75
02-May-2011,4.75
03-May-2011,4.75
04-May-2011,4.75
05-May-2011,4.75
06-May-2011,4.75
09-May-2011,4.75
10-May-2011,4.75
11-May-2011,4.75
12-May-2011,4.75
13-May-2011,4.75
16-May-2011,4.75
17-May-2011,4.75
18-May-2011,4.75
19-May-2011,4.75
20-May-2011,4.75
23-May-2011,4.75
24-May-2011,4.75
25-May-2011,4.75
26-May-2011,4.75
27-May-2011,4.75
30-May-2011,4.75
31-May-2011,4.75
01-Jun-2011,4.75
02-Jun-2011,4.75
03-Jun-2011,4.75
06-Jun-2011,4.75
07-Jun-2011,4.75
08-Jun-2011,4.75
09-Jun-2011,4.75
10-Jun-2011,4.75
14-Jun-2011,4.75
15-Jun-2011,4.75
16-Jun-2011,4.75
17-Jun-2011,4.75
20-Jun-2011,4.75
21-Jun-2011,4.75
22-Jun-2011,4.75
23-Jun-2011,4.75
24-Jun-2011,4.75
27-Jun-2011,4.75
28-Jun-2011,4.75
29-Jun-2011,4.75
30-Jun-2011,4.75
01-Jul-2011,4.75
04-Jul-2011,4.75
05-Jul-2011,4.75
06-Jul-2011,4.75
07-Jul-2011,4.75
08-Jul-2011,4.75
11-Jul-2011,4.75
12-Jul-2011,4.75
13-Jul-2011,4.75
14-Jul-2011,4.75
15-Jul-2011,4.75
18-Jul-2011,4.75
19-Jul-2011,4.75
20-Jul-2011,4.75
21-Jul-2011,4.75
22-Jul-2011,4.75
25-Jul-2011,4.75
26-Jul-2011,4.75
27-Jul-2011,4.75
28-Jul-2011,4.75
29-Jul-2011,4.75
01-Aug-2011,4.75
02-Aug-2011,4.75
03-Aug-2011,4.75
04-Aug-2011,4.75
05-Aug-2011,4.75
08-Aug-2011,4.75
09-Aug-2011,4.75
10-Aug-2011,4.75
11-Aug-2011,4.75
12-Aug-2011,4.75
15-Aug-2011,4.75
16-Aug-2011,4.75
17-Aug-2011,4.75
18-Aug-2011,4.75
19-Aug-2011,4.75
22-Aug-2011,4.75
23-Aug-2011,4.75
24-Aug-2011,4.75
25-Aug-2011,4.75
26-Aug-2011,4.75
29-Aug-2011,4.75
30-Aug-2011,4.75
31-Aug-2011,4.75
01-Sep-2011,4.75
02-Sep-2011,4.75
05-Sep-2011,4.75
06-Sep-2011,4.75
07-Sep-2011,4.75
08-Sep-2011,4.75
09-Sep-2011,4.75
12-Sep-2011,4.75
13-Sep-2011,4.75
14-Sep-2011,4.75
15-Sep-2011,4.75
16-Sep-2011,4.75
19-Sep-2011,4.75
20-Sep-2011,4.75
21-Sep-2011,4.75
22-Sep-2011,4.75
23-Sep-2011,4.75
26-Sep-2011,4.75
27-Sep-2011,4.75
28-Sep-2011,4.75
29-Sep-2011,4.75
30-Sep-2011,4.75
03-Oct-2011,4.75
04-Oct-2011,4.75
05-Oct-2011,4.75
06-Oct-2011,4.75
07-Oct-2011,4.75
10-Oct-2011,4.75
11-Oct-2011,4.75
12-Oct-2011,4.75
13-Oct-2011,4.75
14-Oct-2011,4.75
17-Oct-2011,4.75
18-Oct-2011,4.75
19-Oct-2011,4.75
20-Oct-2011,4.75
21-Oct-2011,4.75
24-Oct-2011,4.75
25-Oct-2011,4.75
26-Oct-2011,4.75
27-Oct-2011,4.75
28-Oct-2011,4.75
31-Oct-2011,4.75
01-Nov-2011,4.75
02-Nov-2011,4.50
03-Nov-2011,4.50
04-Nov-2011,4.50
07-Nov-2011,4.50
08-Nov-2011,4.50
09-Nov-2011,4.50
10-Nov-2011,4.50
11-Nov-2011,4.50
14-Nov-2011,4.50
15-Nov-2011,4.50
16-Nov-2011,4.50
17-Nov-2011,4.50
18-Nov-2011,4.50
21-Nov-2011,4.50
22-Nov-2011,4.50
23-Nov-2011,4.50
24-Nov-2011,4.50
25-Nov-2011,4.50
28-Nov-2011,4.50
29-Nov-2011,4.50
30-Nov-2011,4.50
01-Dec-2011,4.50
02-Dec-2011,4.50
05-Dec-2011,4.50
06-Dec-2011,4.50
07-Dec-2011,4.25
08-Dec-2011,4.25
09-Dec-2011,4.25
12-Dec-2011,4.25
13-Dec-2011,4.25
14-Dec-2011,4.25
15-Dec-2011,4.25
16-Dec-2011,4.25
19-Dec-2011,4.25
20-Dec-2011,4.25
21-Dec-2011,4.25
22-Dec-2011,4.25
23-Dec-2011,4.25
28-Dec-2011,4.25
29-Dec-2011,4.25
30-Dec-2011,4.25
03-Jan-2012,4.25
04-Jan-2012,4.25
05-Jan-2012,4.25
06-Jan-2012,4.25
09-Jan-2012,4.25
10-Jan-2012,4.25
11-Jan-2012,4.25
12-Jan-2012,4.25
13-Jan-2012,4.25
16-Jan-2012,4.25
17-Jan-2012,4.25
18-Jan-2012,4.25
19-Jan-2012,4.25
20-Jan-2012,4.25
23-Jan-2012,4.25
24-Jan-2012,4.25
25-Jan-2012,4.25
27-Jan-2012,4.25
30-Jan-2012,4.25
31-Jan-2012,4.25
01-Feb-2012,4.25
02-Feb-2012,4.25
03-Feb-2012,4.25
06-Feb-2012,4.25
07-Feb-2012,4.25
08-Feb-2012,4.25
09-Feb-2012,4.25
10-Feb-2012,4.25
13-Feb-2012,4.25
14-Feb-2012,4.25
15-Feb-2012,4.25
16-Feb-2012,4.25
17-Feb-2012,4.25
20-Feb-2012,4.25
21-Feb-2012,4.25
22-Feb-2012,4.25
23-Feb-2012,4.25
24-Feb-2012,4.25
27-Feb-2012,4.25
28-Feb-2012,4.25
29-Feb-2012,4.25
01-Mar-2012,4.25
02-Mar-2012,4.25
05-Mar-2012,4.25
06-Mar-2012,4.25
07-Mar-2012,4.25
08-Mar-2012,4.25
09-Mar-2012,4.25
12-Mar-2012,4.25
13-Mar-2012,4.25
14-Mar-2012,4.25
15-Mar-2012,4.25
16-Mar-2012,4.25
19-Mar-2012,4.25
20-Mar-2012,4.25
21-Mar-2012,4.25
22-Mar-2012,4.25
23-Mar-2012,4.25
26-Mar-2012,4.25
27-Mar-2012,4.25
28-Mar-2012,4.25
29-Mar-2012,4.25
30-Mar-2012,4.25
02-Apr-2012,4.25
03-Apr-2012,4.25
04-Apr-2012,4.25
05-Apr-2012,4.25
10-Apr-2012,4.25
11-Apr-2012,4.25
12-Apr-2012,4.25
13-Apr-2012,4.25
16-Apr-2012,4.25
17-Apr-2012,4.25
18-Apr-2012,4.25
19-Apr-2012,4.25
20-Apr-2012,4.25
23-Apr-2012,4.25
24-Apr-2012,4.25
26-Apr-2012,4.25
27-Apr-2012,4.25
30-Apr-2012,4.25
01-May-2012,4.25
02-May-2012,3.75
03-May-2012,3.75
04-May-2012,3.75
07-May-2012,3.75
08-May-2012,3.75
09-May-2012,3.75
10-May-2012,3.75
11-May-2012,3.75
14-May-2012,3.75
15-May-2012,3.75
16-May-2012,3.75
17-May-2012,3.75
18-May-2012,3.75
21-May-2012,3.75
22-May-2012,3.75
23-May-2012,3.75
24-May-2012,3.75
25-May-2012,3.75
28-May-2012,3.75
29-May-2012,3.75
30-May-2012,3.75
31-May-2012,3.75
01-Jun-2012,3.75
04-Jun-2012,3.75
05-Jun-2012,3.75
06-Jun-2012,3.50
07-Jun-2012,3.50
08-Jun-2012,3.50
12-Jun-2012,3.50
13-Jun-2012,3.50
14-Jun-2012,3.50
15-Jun-2012,3.50
18-Jun-2012,3.50
19-Jun-2012,3.50
20-Jun-2012,3.50
21-Jun-2012,3.50
22-Jun-2012,3.50
25-Jun-2012,3.50
26-Jun-2012,3.50
27-Jun-2012,3.50
28-Jun-2012,3.50
29-Jun-2012,3.50
02-Jul-2012,3.50
03-Jul-2012,3.50
04-Jul-2012,3.50
05-Jul-2012,3.50
06-Jul-2012,3.50
09-Jul-2012,3.50
10-Jul-2012,3.50
11-Jul-2012,3.50
12-Jul-2012,3.50
13-Jul-2012,3.50
16-Jul-2012,3.50
17-Jul-2012,3.50
18-Jul-2012,3.50
19-Jul-2012,3.50
20-Jul-2012,3.50
23-Jul-2012,3.50
24-Jul-2012,3.50
25-Jul-2012,3.50
26-Jul-2012,3.50
27-Jul-2012,3.50
30-Jul-2012,3.50
31-Jul-2012,3.50
01-Aug-2012,3.50
02-Aug-2012,3.50
03-Aug-2012,3.50
06-Aug-2012,3.50
07-Aug-2012,3.50
08-Aug-2012,3.50
09-Aug-2012,3.50
10-Aug-2012,3.50
13-Aug-2012,3.50
14-Aug-2012,3.50
15-Aug-2012,3.50
16-Aug-2012,3.50
17-Aug-2012,3.50
20-Aug-2012,3.50
21-Aug-2012,3.50
22-Aug-2012,3.50
23-Aug-2012,3.50
24-Aug-2012,3.50
27-Aug-2012,3.50
28-Aug-2012,3.50
29-Aug-2012,3.50
30-Aug-2012,3.50
31-Aug-2012,3.50
03-Sep-2012,3.50
04-Sep-2012,3.50
05-Sep-2012,3.50
06-Sep-2012,3.50
07-Sep-2012,3.50
10-Sep-2012,3.50
11-Sep-2012,3.50
12-Sep-2012,3.50
13-Sep-2012,3.50
14-Sep-2012,3.50
17-Sep-2012,3.50
18-Sep-2012,3.50
19-Sep-2012,3.50
20-Sep-2012,3.50
21-Sep-2012,3.50
24-Sep-2012,3.50
25-Sep-2012,3.50
26-Sep-2012,3.50
27-Sep-2012,3.50
28-Sep-2012,3.50
01-Oct-2012,3.50
02-Oct-2012,3.50
03-Oct-2012,3.25
04-Oct-2012,3.25
05-Oct-2012,3.25
08-Oct-2012,3.25
09-Oct-2012,3.25
10-Oct-2012,3.25
11-Oct-2012,3.25
12-Oct-2012,3.25
15-Oct-2012,3.25
16-Oct-2012,3.25
17-Oct-2012,3.25
18-Oct-2012,3.25
19-Oct-2012,3.25
22-Oct-2012,3.25
23-Oct-2012,3.25
24-Oct-2012,3.25
25-Oct-2012,3.25
26-Oct-2012,3.25
29-Oct-2012,3.25
30-Oct-2012,3.25
31-Oct-2012,3.25
01-Nov-2012,3.25
02-Nov-2012,3.25
05-Nov-2012,3.25
06-Nov-2012,3.25
07-Nov-2012,3.25
08-Nov-2012,3.25
09-Nov-2012,3.25
12-Nov-2012,3.25
13-Nov-2012,3.25
14-Nov-2012,3.25
15-Nov-2012,3.25
16-Nov-2012,3.25
19-Nov-2012,3.25
20-Nov-2012,3.25
21-Nov-2012,3.25
22-Nov-2012,3.25
23-Nov-2012,3.25
26-Nov-2012,3.25
27-Nov-2012,3.25
28-Nov-2012,3.25
29-Nov-2012,3.25
30-Nov-2012,3.25
03-Dec-2012,3.25
04-Dec-2012,3.25
05-Dec-2012,3.00
06-Dec-2012,3.00
07-Dec-2012,3.00
10-Dec-2012,3.00
11-Dec-2012,3.00
12-Dec-2012,3.00
13-Dec-2012,3.00
14-Dec-2012,3.00
17-Dec-2012,3.00
18-Dec-2012,3.00
19-Dec-2012,3.00
20-Dec-2012,3.00
21-Dec-2012,3.00
24-Dec-2012,3.00
27-Dec-2012,3.00
28-Dec-2012,3.00
31-Dec-2012,3.00
02-Jan-2013,3.00
03-Jan-2013,3.00
04-Jan-2013,3.00
07-Jan-2013,3.00
08-Jan-2013,3.00
09-Jan-2013,3.00
10-Jan-2013,3.00
11-Jan-2013,3.00
14-Jan-2013,3.00
15-Jan-2013,3.00
16-Jan-2013,3.00
17-Jan-2013,3.00
18-Jan-2013,3.00
21-Jan-2013,3.00
22-Jan-2013,3.00
23-Jan-2013,3.00
24-Jan-2013,3.00
25-Jan-2013,3.00
29-Jan-2013,3.00
30-Jan-2013,3.00
31-Jan-2013,3.00
01-Feb-2013,3.00
04-Feb-2013,3.00
05-Feb-2013,3.00
06-Feb-2013,3.00
07-Feb-2013,3.00
08-Feb-2013,3.00
11-Feb-2013,3.00
12-Feb-2013,3.00
13-Feb-2013,3.00
14-Feb-2013,3.00
15-Feb-2013,3.00
18-Feb-2013,3.00
19-Feb-2013,3.00
20-Feb-2013,3.00
21-Feb-2013,3.00
22-Feb-2013,3.00
25-Feb-2013,3.00
26-Feb-2013,3.00
27-Feb-2013,3.00
28-Feb-2013,3.00
01-Mar-2013,3.00
04-Mar-2013,3.00
05-Mar-2013,3.00
06-Mar-2013,3.00
07-Mar-2013,3.00
08-Mar-2013,3.00
11-Mar-2013,3.00
12-Mar-2013,3.00
13-Mar-2013,3.00
14-Mar-2013,3.00
15-Mar-2013,3.00
18-Mar-2013,3.00
19-Mar-2013,3.00
20-Mar-2013,3.00
21-Mar-2013,3.00
22-Mar-2013,3.00
25-Mar-2013,3.00
26-Mar-2013,3.00
27-Mar-2013,3.00
28-Mar-2013,3.00
02-Apr-2013,3.00
03-Apr-2013,3.00
04-Apr-2013,3.00
05-Apr-2013,3.00
08-Apr-2013,3.00
09-Apr-2013,3.00
10-Apr-2013,3.00
11-Apr-2013,3.00
12-Apr-2013,3.00
15-Apr-2013,3.00
16-Apr-2013,3.00
17-Apr-2013,3.00
18-Apr-2013,3.00
19-Apr-2013,3.00
22-Apr-2013,3.00
23-Apr-2013,3.00
24-Apr-2013,3.00
26-Apr-2013,3.00
29-Apr-2013,3.00
30-Apr-2013,3.00
01-May-2013,3.00
02-May-2013,3.00
03-May-2013,3.00
06-May-2013,3.00
07-May-2013,3.00
08-May-2013,2.75
09-May-2013,2.75
10-May-2013,2.75
13-May-2013,2.75
14-May-2013,2.75
15-May-2013,2.75
16-May-2013,2.75
17-May-2013,2.75
20-May-2013,2.75
21-May-2013,2.75
22-May-2013,2.75
23-May-2013,2.75
24-May-2013,2.75
27-May-2013,2.75
28-May-2013,2.75
29-May-2013,2.75
30-May-2013,2.75
31-May-2013,2.75
03-Jun-2013,2.75
04-Jun-2013,2.75
05-Jun-2013,2.75
06-Jun-2013,2.75
07-Jun-2013,2.75
11-Jun-2013,2.75
12-Jun-2013,2.75
13-Jun-2013,2.75
14-Jun-2013,2.75
17-Jun-2013,2.75
18-Jun-2013,2.75
19-Jun-2013,2.75
20-Jun-2013,2.75
21-Jun-2013,2.75
24-Jun-2013,2.75
25-Jun-2013,2.75
26-Jun-2013,2.75
27-Jun-2013,2.75
28-Jun-2013,2.75
01-Jul-2013,2.75
02-Jul-2013,2.75
03-Jul-2013,2.75
04-Jul-2013,2.75
05-Jul-2013,2.75
08-Jul-2013,2.75
09-Jul-2013,2.75
10-Jul-2013,2.75
11-Jul-2013,2.75
12-Jul-2013,2.75
15-Jul-2013,2.75
16-Jul-2013,2.75
17-Jul-2013,2.75
18-Jul-2013,2.75
19-Jul-2013,2.75
22-Jul-2013,2.75
23-Jul-2013,2.75
24-Jul-2013,2.75
25-Jul-2013,2.75
26-Jul-2013,2.75
29-Jul-2013,2.75
30-Jul-2013,2.75
31-Jul-2013,2.75
01-Aug-2013,2.75
02-Aug-2013,2.75
05-Aug-2013,2.75
06-Aug-2013,2.75
07-Aug-2013,2.50
08-Aug-2013,2.50
09-Aug-2013,2.50
12-Aug-2013,2.50
13-Aug-2013,2.50
14-Aug-2013,2.50
15-Aug-2013,2.50
16-Aug-2013,2.50
19-Aug-2013,2.50
20-Aug-2013,2.50
21-Aug-2013,2.50
22-Aug-2013,2.50
23-Aug-2013,2.50
26-Aug-2013,2.50
27-Aug-2013,2.50
28-Aug-2013,2.50
29-Aug-2013,2.50
30-Aug-2013,2.50
02-Sep-2013,2.50
03-Sep-2013,2.50
04-Sep-2013,2.50
05-Sep-2013,2.50
06-Sep-2013,2.50
09-Sep-2013,2.50
10-Sep-2013,2.50
11-Sep-2013,2.50
12-Sep-2013,2.50
13-Sep-2013,2.50
16-Sep-2013,2.50
17-Sep-2013,2.50
18-Sep-2013,2.50
19-Sep-2013,2.50
20-Sep-2013,2.50
23-Sep-2013,2.50
24-Sep-2013,2.50
25-Sep-2013,2.50
26-Sep-2013,2.50
27-Sep-2013,2.50
30-Sep-2013,2.50
01-Oct-2013,2.50
02-Oct-2013,2.50
03-Oct-2013,2.50
04-Oct-2013,2.50
07-Oct-2013,2.50
08-Oct-2013,2.50
09-Oct-2013,2.50
10-Oct-2013,2.50
11-Oct-2013,2.50
14-Oct-2013,2.50
15-Oct-2013,2.50
16-Oct-2013,2.50
17-Oct-2013,2.50
18-Oct-2013,2.50
21-Oct-2013,2.50
22-Oct-2013,2.50
23-Oct-2013,2.50
24-Oct-2013,2.50
25-Oct-2013,2.50
28-Oct-2013,2.50
29-Oct-2013,2.50
30-Oct-2013,2.50
31-Oct-2013,2.50
01-Nov-2013,2.50
04-Nov-2013,2.50
05-Nov-2013,2.50
06-Nov-2013,2.50
07-Nov-2013,2.50
08-Nov-2013,2.50
11-Nov-2013,2.50
12-Nov-2013,2.50
13-Nov-2013,2.50
14-Nov-2013,2.50
15-Nov-2013,2.50
18-Nov-2013,2.50
19-Nov-2013,2.50
20-Nov-2013,2.50
21-Nov-2013,2.50
22-Nov-2013,2.50
25-Nov-2013,2.50
26-Nov-2013,2.50
27-Nov-2013,2.50
28-Nov-2013,2.50
29-Nov-2013,2.50
02-Dec-2013,2.50
03-Dec-2013,2.50
04-Dec-2013,2.50
05-Dec-2013,2.50
06-Dec-2013,2.50
09-Dec-2013,2.50
10-Dec-2013,2.50
11-Dec-2013,2.50
12-Dec-2013,2.50
13-Dec-2013,2.50
16-Dec-2013,2.50
17-Dec-2013,2.50
18-Dec-2013,2.50
19-Dec-2013,2.50
20-Dec-2013,2.50
23-Dec-2013,2.50
24-Dec-2013,2.50
27-Dec-2013,2.50
30-Dec-2013,2.50
31-Dec-2013,2.50
02-Jan-2014,2.50
03-Jan-2014,2.50
06-Jan-2014,2.50
07-Jan-2014,2.50
08-Jan-2014,2.50
09-Jan-2014,2.50
10-Jan-2014,2.50
13-Jan-2014,2.50
14-Jan-2014,2.50
15-Jan-2014,2.50
16-Jan-2014,2.50
17-Jan-2014,2.50
20-Jan-2014,2.50
21-Jan-2014,2.50
22-Jan-2014,2.50
23-Jan-2014,2.50
24-Jan-2014,2.50
28-Jan-2014,2.50
29-Jan-2014,2.50
30-Jan-2014,2.50
31-Jan-2014,2.50
03-Feb-2014,2.50
04-Feb-2014,2.50
05-Feb-2014,2.50
06-Feb-2014,2.50
07-Feb-2014,2.50
10-Feb-2014,2.50
11-Feb-2014,2.50
12-Feb-2014,2.50
13-Feb-2014,2.50
14-Feb-2014,2.50
17-Feb-2014,2.50
18-Feb-2014,2.50
19-Feb-2014,2.50
20-Feb-2014,2.50
21-Feb-2014,2.50
24-Feb-2014,2.50
25-Feb-2014,2.50
26-Feb-2014,2.50
27-Feb-2014,2.50
28-Feb-2014,2.50
03-Mar-2014,2.50
04-Mar-2014,2.50
05-Mar-2014,2.50
06-Mar-2014,2.50
07-Mar-2014,2.50
10-Mar-2014,2.50
11-Mar-2014,2.50
12-Mar-2014,2.50
13-Mar-2014,2.50
14-Mar-2014,2.50
17-Mar-2014,2.50
18-Mar-2014,2.50
19-Mar-2014,2.50
20-Mar-2014,2.50
21-Mar-2014,2.50
24-Mar-2014,2.50
25-Mar-2014,2.50
26-Mar-2014,2.50
27-Mar-2014,2.50
28-Mar-2014,2.50
31-Mar-2014,2.50
01-Apr-2014,2.50
02-Apr-2014,2.50
03-Apr-2014,2.50
04-Apr-2014,2.50
07-Apr-2014,2.50
08-Apr-2014,2.50
09-Apr-2014,2.50
10-Apr-2014,2.50
11-Apr-2014,2.50
14-Apr-2014,2.50
15-Apr-2014,2.50
16-Apr-2014,2.50
17-Apr-2014,2.50
22-Apr-2014,2.50
23-Apr-2014,2.50
24-Apr-2014,2.50
28-Apr-2014,2.50
29-Apr-2014,2.50
30-Apr-2014,2.50
01-May-2014,2.50
02-May-2014,2.50
05-May-2014,2.50
06-May-2014,2.50
07-May-2014,2.50
08-May-2014,2.50
09-May-2014,2.50
12-May-2014,2.50
13-May-2014,2.50
14-May-2014,2.50
15-May-2014,2.50
16-May-2014,2.50
19-May-2014,2.50
20-May-2014,2.50
21-May-2014,2.50
22-May-2014,2.50
23-May-2014,2.50
26-May-2014,2.50
27-May-2014,2.50
28-May-2014,2.50
29-May-2014,2.50
30-May-2014,2.50
02-Jun-2014,2.50
03-Jun-2014,2.50
04-Jun-2014,2.50
05-Jun-2014,2.50
06-Jun-2014,2.50
10-Jun-2014,2.50
11-Jun-2014,2.50
12-Jun-2014,2.50
13-Jun-2014,2.50
16-Jun-2014,2.50
17-Jun-2014,2.50
18-Jun-2014,2.50
19-Jun-2014,2.50
20-Jun-2014,2.50
23-Jun-2014,2.50
24-Jun-2014,2.50
25-Jun-2014,2.50
26-Jun-2014,2.50
27-Jun-2014,2.50
30-Jun-2014,2.50
01-Jul-2014,2.50
02-Jul-2014,2.50
03-Jul-2014,2.50
04-Jul-2014,2.50
07-Jul-2014,2.50
08-Jul-2014,2.50
09-Jul-2014,2.50
10-Jul-2014,2.50
11-Jul-2014,2.50
14-Jul-2014,2.50
15-Jul-2014,2.50
16-Jul-2014,2.50
17-Jul-2014,2.50
18-Jul-2014,2.50
21-Jul-2014,2.50
22-Jul-2014,2.50
23-Jul-2014,2.50
24-Jul-2014,2.50
25-Jul-2014,2.50
28-Jul-2014,2.50
29-Jul-2014,2.50
30-Jul-2014,2.50
31-Jul-2014,2.50
01-Aug-2014,2.50
04-Aug-2014,2.50
05-Aug-2014,2.50
06-Aug-2014,2.50
07-Aug-2014,2.50
08-Aug-2014,2.50
11-Aug-2014,2.50
12-Aug-2014,2.50
13-Aug-2014,2.50
14-Aug-2014,2.50
15-Aug-2014,2.50
18-Aug-2014,2.50
19-Aug-2014,2.50
20-Aug-2014,2.50
21-Aug-2014,2.50
22-Aug-2014,2.50
25-Aug-2014,2.50
26-Aug-2014,2.50
27-Aug-2014,2.50
28-Aug-2014,2.50
29-Aug-2014,2.50
01-Sep-2014,2.50
02-Sep-2014,2.50
03-Sep-2014,2.50
04-Sep-2014,2.50
05-Sep-2014,2.50
08-Sep-2014,2.50
09-Sep-2014,2.50
10-Sep-2014,2.50
11-Sep-2014,2.50
12-Sep-2014,2.50
15-Sep-2014,2.50
16-Sep-2014,2.50
17-Sep-2014,2.50
18-Sep-2014,2.50
19-Sep-2014,2.50
22-Sep-2014,2.50
23-Sep-2014,2.50
24-Sep-2014,2.50
25-Sep-2014,2.50
26-Sep-2014,2.50
29-Sep-2014,2.50
30-Sep-2014,2.50
01-Oct-2014,2.50
02-Oct-2014,2.50
03-Oct-2014,2.50
06-Oct-2014,2.50
07-Oct-2014,2.50
08-Oct-2014,2.50
09-Oct-2014,2.50
10-Oct-2014,2.50
13-Oct-2014,2.50
14-Oct-2014,2.50
15-Oct-2014,2.50
16-Oct-2014,2.50
17-Oct-2014,2.50
20-Oct-2014,2.50
21-Oct-2014,2.50
22-Oct-2014,2.50
23-Oct-2014,2.50
24-Oct-2014,2.50
27-Oct-2014,2.50
28-Oct-2014,2.50
29-Oct-2014,2.50
30-Oct-2014,2.50
31-Oct-2014,2.50
03-Nov-2014,2.50
04-Nov-2014,2.50
05-Nov-2014,2.50
06-Nov-2014,2.50
07-Nov-2014,2.50
10-Nov-2014,2.50
11-Nov-2014,2.50
12-Nov-2014,2.50
13-Nov-2014,2.50
14-Nov-2014,2.50
17-Nov-2014,2.50
18-Nov-2014,2.50
19-Nov-2014,2.50
20-Nov-2014,2.50
21-Nov-2014,2.50
24-Nov-2014,2.50
25-Nov-2014,2.50
26-Nov-2014,2.50
27-Nov-2014,2.50
28-Nov-2014,2.50
01-Dec-2014,2.50
02-Dec-2014,2.50
03-Dec-2014,2.50
04-Dec-2014,2.50
05-Dec-2014,2.50
08-Dec-2014,2.50
09-Dec-2014,2.50
10-Dec-2014,2.50
11-Dec-2014,2.50
12-Dec-2014,2.50
15-Dec-2014,2.50
16-Dec-2014,2.50
17-Dec-2014,2.50
18-Dec-2014,2.50
19-Dec-2014,2.50
22-Dec-2014,2.50
23-Dec-2014,2.50
24-Dec-2014,2.50
29-Dec-2014,2.50
30-Dec-2014,2.50
31-Dec-2014,2.50
02-Jan-2015,2.50
05-Jan-2015,2.50
06-Jan-2015,2.50
07-Jan-2015,2.50
08-Jan-2015,2.50
09-Jan-2015,2.50
12-Jan-2015,2.50
13-Jan-2015,2.50
14-Jan-2015,2.50
15-Jan-2015,2.50
16-Jan-2015,2.50
19-Jan-2015,2.50
20-Jan-2015,2.50
21-Jan-2015,2.50
22-Jan-2015,2.50
23-Jan-2015,2.50
27-Jan-2015,2.50
28-Jan-2015,2.50
29-Jan-2015,2.50
30-Jan-2015,2.50
02-Feb-2015,2.50
03-Feb-2015,2.50
04-Feb-2015,2.25
05-Feb-2015,2.25
06-Feb-2015,2.25
09-Feb-2015,2.25
10-Feb-2015,2.25
11-Feb-2015,2.25
12-Feb-2015,2.25
13-Feb-2015,2.25
16-Feb-2015,2.25
17-Feb-2015,2.25
18-Feb-2015,2.25
19-Feb-2015,2.25
20-Feb-2015,2.25
23-Feb-2015,2.25
24-Feb-2015,2.25
25-Feb-2015,2.25
26-Feb-2015,2.25
27-Feb-2015,2.25
02-Mar-2015,2.25
03-Mar-2015,2.25
04-Mar-2015,2.25
05-Mar-2015,2.25
06-Mar-2015,2.25
09-Mar-2015,2.25
10-Mar-2015,2.25
11-Mar-2015,2.25
12-Mar-2015,2.25
13-Mar-2015,2.25
16-Mar-2015,2.25
17-Mar-2015,2.25
18-Mar-2015,2.25
19-Mar-2015,2.25
20-Mar-2015,2.25
23-Mar-2015,2.25
24-Mar-2015,2.25
25-Mar-2015,2.25
26-Mar-2015,2.25
27-Mar-2015,2.25
30-Mar-2015,2.25
31-Mar-2015,2.25
01-Apr-2015,2.25
02-Apr-2015,2.25
07-Apr-2015,2.25
08-Apr-2015,2.25
09-Apr-2015,2.25
10-Apr-2015,2.25
13-Apr-2015,2.25
14-Apr-2015,2.25
15-Apr-2015,2.25
16-Apr-2015,2.25
17-Apr-2015,2.25
20-Apr-2015,2.25
21-Apr-2015,2.25
22-Apr-2015,2.25
23-Apr-2015,2.25
24-Apr-2015,2.25
27-Apr-2015,2.25
28-Apr-2015,2.25
29-Apr-2015,2.25
30-Apr-2015,2.25
01-May-2015,2.25
04-May-2015,2.25
05-May-2015,2.25
06-May-2015,2.00
07-May-2015,2.00
08-May-2015,2.00
11-May-2015,2.00
12-May-2015,2.00
13-May-2015,2.00
14-May-2015,2.00
15-May-2015,2.00
18-May-2015,2.00
19-May-2015,2.00
20-May-2015,2.00
21-May-2015,2.00
22-May-2015,2.00
25-May-2015,2.00
26-May-2015,2.00
27-May-2015,2.00
28-May-2015,2.00
29-May-2015,2.00
01-Jun-2015,2.00
02-Jun-2015,2.00
03-Jun-2015,2.00
04-Jun-2015,2.00
05-Jun-2015,2.00
09-Jun-2015,2.00
10-Jun-2015,2.00
11-Jun-2015,2.00
12-Jun-2015,2.00
15-Jun-2015,2.00
16-Jun-2015,2.00
17-Jun-2015,2.00
18-Jun-2015,2.00
19-Jun-2015,2.00
22-Jun-2015,2.00
23-Jun-2015,2.00
24-Jun-2015,2.00
25-Jun-2015,2.00
26-Jun-2015,2.00
29-Jun-2015,2.00
30-Jun-2015,2.00
01-Jul-2015,2.00
02-Jul-2015,2.00
03-Jul-2015,2.00
06-Jul-2015,2.00
07-Jul-2015,2.00
08-Jul-2015,2.00
09-Jul-2015,2.00
10-Jul-2015,2.00
13-Jul-2015,2.00
14-Jul-2015,2.00
15-Jul-2015,2.00
16-Jul-2015,2.00
17-Jul-2015,2.00
20-Jul-2015,2.00
21-Jul-2015,2.00
22-Jul-2015,2.00
23-Jul-2015,2.00
24-Jul-2015,2.00
27-Jul-2015,2.00
28-Jul-2015,2.00
29-Jul-2015,2.00
30-Jul-2015,2.00
31-Jul-2015,2.00
03-Aug-2015,2.00
04-Aug-2015,2.00
05-Aug-2015,2.00
06-Aug-2015,2.00
07-Aug-2015,2.00
10-Aug-2015,2.00
11-Aug-2015,2.00
12-Aug-2015,2.00
13-Aug-2015,2.00
14-Aug-2015,2.00
17-Aug-2015,2.00
18-Aug-2015,2.00
19-Aug-2015,2.00
20-Aug-2015,2.00
21-Aug-2015,2.00
24-Aug-2015,2.00
25-Aug-2015,2.00
26-Aug-2015,2.00
27-Aug-2015,2.00
28-Aug-2015,2.00
31-Aug-2015,2.00
01-Sep-2015,2.00
02-Sep-2015,2.00
03-Sep-2015,2.00
04-Sep-2015,2.00
07-Sep-2015,2.00
08-Sep-2015,2.00
09-Sep-2015,2.00
10-Sep-2015,2.00
11-Sep-2015,2.00
14-Sep-2015,2.00
15-Sep-2015,2.00
16-Sep-2015,2.00
17-Sep-2015,2.00
18-Sep-2015,2.00
21-Sep-2015,2.00
22-Sep-2015,2.00
23-Sep-2015,2.00
24-Sep-2015,2.00
25-Sep-2015,2.00
28-Sep-2015,2.00
29-Sep-2015,2.00
30-Sep-2015,2.00
01-Oct-2015,2.00
02-Oct-2015,2.00
05-Oct-2015,2.00
06-Oct-2015,2.00
07-Oct-2015,2.00
08-Oct-2015,2.00
09-Oct-2015,2.00
12-Oct-2015,2.00
13-Oct-2015,2.00
14-Oct-2015,2.00
15-Oct-2015,2.00
16-Oct-2015,2.00
19-Oct-2015,2.00
20-Oct-2015,2.00
21-Oct-2015,2.00
22-Oct-2015,2.00
23-Oct-2015,2.00
26-Oct-2015,2.00
27-Oct-2015,2.00
28-Oct-2015,2.00
29-Oct-2015,2.00
30-Oct-2015,2.00
02-Nov-2015,2.00
03-Nov-2015,2.00
04-Nov-2015,2.00
05-Nov-2015,2.00
06-Nov-2015,2.00
09-Nov-2015,2.00
10-Nov-2015,2.00
11-Nov-2015,2.00
12-Nov-2015,2.00
13-Nov-2015,2.00
16-Nov-2015,2.00
17-Nov-2015,2.00
18-Nov-2015,2.00
19-Nov-2015,2.00
20-Nov-2015,2.00
23-Nov-2015,2.00
24-Nov-2015,2.00
25-Nov-2015,2.00
26-Nov-2015,2.00
27-Nov-2015,2.00
30-Nov-2015,2.00
01-Dec-2015,2.00
02-Dec-2015,2.00
03-Dec-2015,2.00
04-Dec-2015,2.00
07-Dec-2015,2.00
08-Dec-2015,2.00
09-Dec-2015,2.00
10-Dec-2015,2.00
11-Dec-2015,2.00
14-Dec-2015,2.00
15-Dec-2015,2.00
16-Dec-2015,2.00
17-Dec-2015,2.00
18-Dec-2015,2.00
21-Dec-2015,2.00
22-Dec-2015,2.00
23-Dec-2015,2.00
24-Dec-2015,2.00
29-Dec-2015,2.00
30-Dec-2015,2.00
31-Dec-2015,2.00
04-Jan-2016,2.00
05-Jan-2016,2.00
06-Jan-2016,2.00
07-Jan-2016,2.00
08-Jan-2016,2.00
11-Jan-2016,2.00
12-Jan-2016,2.00
13-Jan-2016,2.00
14-Jan-2016,2.00
15-Jan-2016,2.00
18-Jan-2016,2.00
19-Jan-2016,2.00
20-Jan-2016,2.00
21-Jan-2016,2.00
22-Jan-2016,2.00
25-Jan-2016,2.00
27-Jan-2016,2.00
28-Jan-2016,2.00
29-Jan-2016,2.00
01-Feb-2016,2.00
02-Feb-2016,2.00
03-Feb-2016,2.00
04-Feb-2016,2.00
05-Feb-2016,2.00
08-Feb-2016,2.00
09-Feb-2016,2.00
10-Feb-2016,2.00
11-Feb-2016,2.00
12-Feb-2016,2.00
15-Feb-2016,2.00
16-Feb-2016,2.00
17-Feb-2016,2.00
18-Feb-2016,2.00
19-Feb-2016,2.00
22-Feb-2016,2.00
23-Feb-2016,2.00
24-Feb-2016,2.00
25-Feb-2016,2.00
26-Feb-2016,2.00
29-Feb-2016,2.00
01-Mar-2016,2.00
02-Mar-2016,2.00
03-Mar-2016,2.00
04-Mar-2016,2.00
07-Mar-2016,2.00
08-Mar-2016,2.00
09-Mar-2016,2.00
10-Mar-2016,2.00
11-Mar-2016,2.00
14-Mar-2016,2.00
15-Mar-2016,2.00
16-Mar-2016,2.00
17-Mar-2016,2.00
18-Mar-2016,2.00
21-Mar-2016,2.00
22-Mar-2016,2.00
23-Mar-2016,2.00
24-Mar-2016,2.00
29-Mar-2016,2.00
30-Mar-2016,2.00
31-Mar-2016,2.00
01-Apr-2016,2.00
04-Apr-2016,2.00
05-Apr-2016,2.00
06-Apr-2016,2.00
07-Apr-2016,2.00
08-Apr-2016,2.00
11-Apr-2016,2.00
12-Apr-2016,2.00
13-Apr-2016,2.00
14-Apr-2016,2.00
15-Apr-2016,2.00
18-Apr-2016,2.00
19-Apr-2016,2.00
20-Apr-2016,2.00
21-Apr-2016,2.00
22-Apr-2016,2.00
26-Apr-2016,2.00
27-Apr-2016,2.00
28-Apr-2016,2.00
29-Apr-2016,2.00
02-May-2016,2.00
03-May-2016,2.00
04-May-2016,1.75
05-May-2016,1.75
06-May-2016,1.75
09-May-2016,1.75
10-May-2016,1.75
11-May-2016,1.75
12-May-2016,1.75
13-May-2016,1.75
16-May-2016,1.75
17-May-2016,1.75
18-May-2016,1.75
19-May-2016,1.75
20-May-2016,1.75
23-May-2016,1.75
24-May-2016,1.75
25-May-2016,1.75
26-May-2016,1.75
27-May-2016,1.75
30-May-2016,1.75
31-May-2016,1.75
01-Jun-2016,1.75
02-Jun-2016,1.75
03-Jun-2016,1.75
06-Jun-2016,1.75
07-Jun-2016,1.75
08-Jun-2016,1.75
09-Jun-2016,1.75
10-Jun-2016,1.75
14-Jun-2016,1.75
15-Jun-2016,1.75
16-Jun-2016,1.75
17-Jun-2016,1.75
20-Jun-2016,1.75
21-Jun-2016,1.75
22-Jun-2016,1.75
23-Jun-2016,1.75
24-Jun-2016,1.75
27-Jun-2016,1.75
28-Jun-2016,1.75
29-Jun-2016,1.75
30-Jun-2016,1.75
01-Jul-2016,1.75
04-Jul-2016,1.75
05-Jul-2016,1.75
06-Jul-2016,1.75
07-Jul-2016,1.75
08-Jul-2016,1.75
11-Jul-2016,1.75
12-Jul-2016,1.75
13-Jul-2016,1.75
14-Jul-2016,1.75
15-Jul-2016,1.75
18-Jul-2016,1.75
19-Jul-2016,1.75
20-Jul-2016,1.75
21-Jul-2016,1.75
22-Jul-2016,1.75
25-Jul-2016,1.75
26-Jul-2016,1.75
27-Jul-2016,1.75
28-Jul-2016,1.75
29-Jul-2016,1.75
01-Aug-2016,1.75
02-Aug-2016,1.75
03-Aug-2016,1.50
04-Aug-2016,1.50
05-Aug-2016,1.50
08-Aug-2016,1.50
09-Aug-2016,1.50
10-Aug-2016,1.50
11-Aug-2016,1.50
12-Aug-2016,1.50
15-Aug-2016,1.50
16-Aug-2016,1.50
17-Aug-2016,1.50
18-Aug-2016,1.50
19-Aug-2016,1.50
22-Aug-2016,1.50
23-Aug-2016,1.50
24-Aug-2016,1.50
25-Aug-2016,1.50
26-Aug-2016,1.50
29-Aug-2016,1.50
30-Aug-2016,1.50
31-Aug-2016,1.50
01-Sep-2016,1.50
02-Sep-2016,1.50
05-Sep-2016,1.50
06-Sep-2016,1.50
07-Sep-2016,1.50
08-Sep-2016,1.50
09-Sep-2016,1.50
12-Sep-2016,1.50
13-Sep-2016,1.50
14-Sep-2016,1.50
15-Sep-2016,1.50
16-Sep-2016,1.50
19-Sep-2016,1.50
20-Sep-2016,1.50
21-Sep-2016,1.50
22-Sep-2016,1.50
23-Sep-2016,1.50
26-Sep-2016,1.50
27-Sep-2016,1.50
28-Sep-2016,1.50
29-Sep-2016,1.50
30-Sep-2016,1.50
03-Oct-2016,1.50
04-Oct-2016,1.50
05-Oct-2016,1.50
06-Oct-2016,1.50
07-Oct-2016,1.50
10-Oct-2016,1.50
11-Oct-2016,1.50
12-Oct-2016,1.50
13-Oct-2016,1.50
14-Oct-2016,1.50
17-Oct-2016,1.50
18-Oct-2016,1.50
19-Oct-2016,1.50
20-Oct-2016,1.50
21-Oct-2016,1.50
24-Oct-2016,1.50
25-Oct-2016,1.50
26-Oct-2016,1.50
27-Oct-2016,1.50
28-Oct-2016,1.50
31-Oct-2016,1.50
01-Nov-2016,1.50
02-Nov-2016,1.50
03-Nov-2016,1.50
04-Nov-2016,1.50
07-Nov-2016,1.50
08-Nov-2016,1.50
09-Nov-2016,1.50
10-Nov-2016,1.50
11-Nov-2016,1.50
14-Nov-2016,1.50
15-Nov-2016,1.50
16-Nov-2016,1.50
17-Nov-2016,1.50
18-Nov-2016,1.50
21-Nov-2016,1.50
22-Nov-2016,1.50
23-Nov-2016,1.50
24-Nov-2016,1.50
25-Nov-2016,1.50
28-Nov-2016,1.50
29-Nov-2016,1.50
30-Nov-2016,1.50
01-Dec-2016,1.50
02-Dec-2016,1.50
05-Dec-2016,1.50
06-Dec-2016,1.50
07-Dec-2016,1.50
08-Dec-2016,1.50
09-Dec-2016,1.50
12-Dec-2016,1.50
13-Dec-2016,1.50
14-Dec-2016,1.50
15-Dec-2016,1.50
16-Dec-2016,1.50
19-Dec-2016,1.50
20-Dec-2016,1.50
21-Dec-2016,1.50
22-Dec-2016,1.50
23-Dec-2016,1.50
28-Dec-2016,1.50
29-Dec-2016,1.50
30-Dec-2016,1.50
03-Jan-2017,1.50
04-Jan-2017,1.50
05-Jan-2017,1.50
06-Jan-2017,1.50
09-Jan-2017,1.50
10-Jan-2017,1.50
11-Jan-2017,1.50
12-Jan-2017,1.50
13-Jan-2017,1.50
16-Jan-2017,1.50
17-Jan-2017,1.50
18-Jan-2017,1.50
19-Jan-2017,1.50
20-Jan-2017,1.50
23-Jan-2017,1.50
24-Jan-2017,1.50
25-Jan-2017,1.50
27-Jan-2017,1.50
30-Jan-2017,1.50
31-Jan-2017,1.50
01-Feb-2017,1.50
02-Feb-2017,1.50
03-Feb-2017,1.50
06-Feb-2017,1.50
07-Feb-2017,1.50
08-Feb-2017,1.50
09-Feb-2017,1.50
10-Feb-2017,1.50
13-Feb-2017,1.50
14-Feb-2017,1.50
15-Feb-2017,1.50
16-Feb-2017,1.50
17-Feb-2017,1.50
20-Feb-2017,1.50
21-Feb-2017,1.50
22-Feb-2017,1.50
23-Feb-2017,1.50
24-Feb-2017,1.50
27-Feb-2017,1.50
28-Feb-2017,1.50
01-Mar-2017,1.50
02-Mar-2017,1.50
03-Mar-2017,1.50
06-Mar-2017,1.50
07-Mar-2017,1.50
08-Mar-2017,1.50
09-Mar-2017,1.50
10-Mar-2017,1.50
13-Mar-2017,1.50
14-Mar-2017,1.50
15-Mar-2017,1.50
16-Mar-2017,1.50
17-Mar-2017,1.50
20-Mar-2017,1.50
21-Mar-2017,1.50
22-Mar-2017,1.50
23-Mar-2017,1.50
24-Mar-2017,1.50
27-Mar-2017,1.50
28-Mar-2017,1.50
29-Mar-2017,1.50
30-Mar-2017,1.50
31-Mar-2017,1.50
03-Apr-2017,1.50
04-Apr-2017,1.50
05-Apr-2017,1.50
06-Apr-2017,1.50
07-Apr-2017,1.50
10-Apr-2017,1.50
11-Apr-2017,1.50
12-Apr-2017,1.50
13-Apr-2017,1.50
18-Apr-2017,1.50
19-Apr-2017,1.50
20-Apr-2017,1.50
21-Apr-2017,1.50
24-Apr-2017,1.50
26-Apr-2017,1.50
27-Apr-2017,1.50
28-Apr-2017,1.50
01-May-2017,1.50
02-May-2017,1.50
03-May-2017,1.50
04-May-2017,1.50
05-May-2017,1.50
08-May-2017,1.50
09-May-2017,1.50
10-May-2017,1.50
11-May-2017,1.50
12-May-2017,1.50
15-May-2017,1.50
16-May-2017,1.50
17-May-2017,1.50
18-May-2017,1.50
19-May-2017,1.50
22-May-2017,1.50
23-May-2017,1.50
24-May-2017,1.50
25-May-2017,1.50
26-May-2017,1.50
29-May-2017,1.50
30-May-2017,1.50
31-May-2017,1.50
01-Jun-2017,1.50
02-Jun-2017,1.50
05-Jun-2017,1.50
06-Jun-2017,1.50
07-Jun-2017,1.50
08-Jun-2017,1.50
09-Jun-2017,1.50
13-Jun-2017,1.50
14-Jun-2017,1.50
15-Jun-2017,1.50
16-Jun-2017,1.50
19-Jun-2017,1.50
20-Jun-2017,1.50
21-Jun-2017,1.50
22-Jun-2017,1.50
23-Jun-2017,1.50
26-Jun-2017,1.50
27-Jun-2017,1.50
28-Jun-2017,1.50
29-Jun-2017,1.50
30-Jun-2017,1.50
03-Jul-2017,1.50
04-Jul-2017,1.50
05-Jul-2017,1.50
06-Jul-2017,1.50
07-Jul-2017,1.50
10-Jul-2017,1.50
11-Jul-2017,1.50
12-Jul-2017,1.50
13-Jul-2017,1.50
14-Jul-2017,1.50
17-Jul-2017,1.50
18-Jul-2017,1.50
19-Jul-2017,1.50
20-Jul-2017,1.50
21-Jul-2017,1.50
24-Jul-2017,1.50
25-Jul-2017,1.50
26-Jul-2017,1.50
27-Jul-2017,1.50
28-Jul-2017,1.50
31-Jul-2017,1.50
01-Aug-2017,1.50
02-Aug-2017,1.50
03-Aug-2017,1.50
04-Aug-2017,1.50
07-Aug-2017,1.50
08-Aug-2017,1.50
09-Aug-2017,1.50
10-Aug-2017,1.50
11-Aug-2017,1.50
14-Aug-2017,1.50
15-Aug-2017,1.50
16-Aug-2017,1.50
17-Aug-2017,1.50
18-Aug-2017,1.50
21-Aug-2017,1.50
22-Aug-2017,1.50
23-Aug-2017,1.50
24-Aug-2017,1.50
25-Aug-2017,1.50
28-Aug-2017,1.50
29-Aug-2017,1.50
30-Aug-2017,1.50
31-Aug-2017,1.50
01-Sep-2017,1.50
04-Sep-2017,1.50
05-Sep-2017,1.50
06-Sep-2017,1.50
07-Sep-2017,1.50
08-Sep-2017,1.50
11-Sep-2017,1.50
12-Sep-2017,1.50
13-Sep-2017,1.50
14-Sep-2017,1.50
15-Sep-2017,1.50
18-Sep-2017,1.50
19-Sep-2017,1.50
20-Sep-2017,1.50
21-Sep-2017,1.50
22-Sep-2017,1.50
25-Sep-2017,1.50
26-Sep-2017,1.50
27-Sep-2017,1.50
28-Sep-2017,1.50
29-Sep-2017,1.50
02-Oct-2017,1.50
03-Oct-2017,1.50
04-Oct-2017,1.50
05-Oct-2017,1.50
06-Oct-2017,1.50
09-Oct-2017,1.50
10-Oct-2017,1.50
11-Oct-2017,1.50
12-Oct-2017,1.50
13-Oct-2017,1.50
16-Oct-2017,1.50
17-Oct-2017,1.50
18-Oct-2017,1.50
19-Oct-2017,1.50
20-Oct-2017,1.50
23-Oct-2017,1.50
24-Oct-2017,1.50
25-Oct-2017,1.50
26-Oct-2017,1.50
27-Oct-2017,1.50
30-Oct-2017,1.50
31-Oct-2017,1.50
01-Nov-2017,1.50
02-Nov-2017,1.50
03-Nov-2017,1.50
06-Nov-2017,1.50
07-Nov-2017,1.50
08-Nov-2017,1.50
09-Nov-2017,1.50
10-Nov-2017,1.50
13-Nov-2017,1.50
14-Nov-2017,1.50
15-Nov-2017,1.50
16-Nov-2017,1.50
17-Nov-2017,1.50
20-Nov-2017,1.50
21-Nov-2017,1.50
22-Nov-2017,1.50
23-Nov-2017,1.50
24-Nov-2017,1.50
27-Nov-2017,1.50
28-Nov-2017,1.50
29-Nov-2017,1.50
30-Nov-2017,1.50
01-Dec-2017,1.50
04-Dec-2017,1.50
05-Dec-2017,1.50
06-Dec-2017,1.50
07-Dec-2017,1.50
08-Dec-2017,1.50
11-Dec-2017,1.50
12-Dec-2017,1.50
13-Dec-2017,1.50
14-Dec-2017,1.50
15-Dec-2017,1.50
18-Dec-2017,1.50
19-Dec-2017,1.50
20-Dec-2017,1.50
21-Dec-2017,1.50
22-Dec-2017,1.50
27-Dec-2017,1.50
28-Dec-2017,1.50
29-Dec-2017,1.50
02-Jan-2018,1.50
03-Jan-2018,1.50
04-Jan-2018,1.50
05-Jan-2018,1.50
08-Jan-2018,1.50
09-Jan-2018,1.50
10-Jan-2018,1.50
11-Jan-2018,1.50
12-Jan-2018,1.50
15-Jan-2018,1.50
16-Jan-2018,1.50
17-Jan-2018,1.50
18-Jan-2018,1.50
19-Jan-2018,1.50
22-Jan-2018,1.50
23-Jan-2018,1.50
24-Jan-2018,1.50
25-Jan-2018,1.50
29-Jan-2018,1.50
30-Jan-2018,1.50
31-Jan-2018,1.50
01-Feb-2018,1.50
02-Feb-2018,1.50
05-Feb-2018,1.50
06-Feb-2018,1.50
07-Feb-2018,1.50
08-Feb-2018,1.50
09-Feb-2018,1.50
12-Feb-2018,1.50
13-Feb-2018,1.50
14-Feb-2018,1.50
15-Feb-2018,1.50
16-Feb-2018,1.50
19-Feb-2018,1.50
20-Feb-2018,1.50
21-Feb-2018,1.50
22-Feb-2018,1.50
23-Feb-2018,1.50
26-Feb-2018,1.50
27-Feb-2018,1.50
28-Feb-2018,1.50
01-Mar-2018,1.50
02-Mar-2018,1.50
05-Mar-2018,1.50
06-Mar-2018,1.50
07-Mar-2018,1.50
08-Mar-2018,1.50
09-Mar-2018,1.50
12-Mar-2018,1.50
13-Mar-2018,1.50
14-Mar-2018,1.50
15-Mar-2018,1.50
16-Mar-2018,1.50
19-Mar-2018,1.50
20-Mar-2018,1.50
21-Mar-2018,1.50
22-Mar-2018,1.50
23-Mar-2018,1.50
26-Mar-2018,1.50
27-Mar-2018,1.50
28-Mar-2018,1.50
29-Mar-2018,1.50
03-Apr-2018,1.50
04-Apr-2018,1.50
05-Apr-2018,1.50
06-Apr-2018,1.50
09-Apr-2018,1.50
10-Apr-2018,1.50
11-Apr-2018,1.50
12-Apr-2018,1.50
13-Apr-2018,1.50
16-Apr-2018,1.50
17-Apr-2018,1.50
18-Apr-2018,1.50
19-Apr-2018,1.50
20-Apr-2018,1.50
23-Apr-2018,1.50
24-Apr-2018,1.50
26-Apr-2018,1.50
27-Apr-2018,1.50
30-Apr-2018,1.50
01-May-2018,1.50
02-May-2018,1.50
03-May-2018,1.50
04-May-2018,1.50
07-May-2018,1.50
08-May-2018,1.50
09-May-2018,1.50
10-May-2018,1.50
11-May-2018,1.50
14-May-2018,1.50
15-May-2018,1.50
16-May-2018,1.50
17-May-2018,1.50
18-May-2018,1.50
21-May-2018,1.50
22-May-2018,1.50
23-May-2018,1.50
24-May-2018,1.50
25-May-2018,1.50
28-May-2018,1.50
29-May-2018,1.50
30-May-2018,1.50
31-May-2018,1.50
01-Jun-2018,1.50
04-Jun-2018,1.50
05-Jun-2018,1.50
06-Jun-2018,1.50
07-Jun-2018,1.50
08-Jun-2018,1.50
12-Jun-2018,1.50
13-Jun-2018,1.50
14-Jun-2018,1.50
15-Jun-2018,1.50
18-Jun-2018,1.50
19-Jun-2018,1.50
20-Jun-2018,1.50
21-Jun-2018,1.50
22-Jun-2018,1.50
25-Jun-2018,1.50
26-Jun-2018,1.50
27-Jun-2018,1.50
28-Jun-2018,1.50
29-Jun-2018,1.50
02-Jul-2018,1.50
03-Jul-2018,1.50
04-Jul-2018,1.50
05-Jul-2018,1.50
06-Jul-2018,1.50
09-Jul-2018,1.50
10-Jul-2018,1.50
11-Jul-2018,1.50
12-Jul-2018,1.50
13-Jul-2018,1.50
16-Jul-2018,1.50
17-Jul-2018,1.50
18-Jul-2018,1.50
19-Jul-2018,1.50
20-Jul-2018,1.50
23-Jul-2018,1.50
24-Jul-2018,1.50
25-Jul-2018,1.50
26-Jul-2018,1.50
27-Jul-2018,1.50
30-Jul-2018,1.50
31-Jul-2018,1.50
01-Aug-2018,1.50
02-Aug-2018,1.50
03-Aug-2018,1.50
06-Aug-2018,1.50
07-Aug-2018,1.50
08-Aug-2018,1.50
09-Aug-2018,1.50
10-Aug-2018,1.50
13-Aug-2018,1.50
14-Aug-2018,1.50
15-Aug-2018,1.50
16-Aug-2018,1.50
17-Aug-2018,1.50
20-Aug-2018,1.50
21-Aug-2018,1.50
22-Aug-2018,1.50
23-Aug-2018,1.50
24-Aug-2018,1.50
27-Aug-2018,1.50
28-Aug-2018,1.50
29-Aug-2018,1.50
30-Aug-2018,1.50
31-Aug-2018,1.50
03-Sep-2018,1.50
04-Sep-2018,1.50
05-Sep-2018,1.50
06-Sep-2018,1.50
07-Sep-2018,1.50
10-Sep-2018,1.50
11-Sep-2018,1.50
12-Sep-2018,1.50
13-Sep-2018,1.50
14-Sep-2018,1.50
17-Sep-2018,1.50
18-Sep-2018,1.50
19-Sep-2018,1.50
20-Sep-2018,1.50
21-Sep-2018,1.50
24-Sep-2018,1.50
25-Sep-2018,1.50
26-Sep-2018,1.50
27-Sep-2018,1.50
28-Sep-2018,1.50
01-Oct-2018,1.50
02-Oct-2018,1.50
03-Oct-2018,1.50
04-Oct-2018,1.50
05-Oct-2018,1.50
08-Oct-2018,1.50
09-Oct-2018,1.50
10-Oct-2018,1.50
11-Oct-2018,1.50
12-Oct-2018,1.50
15-Oct-2018,1.50
16-Oct-2018,1.50
17-Oct-2018,1.50
18-Oct-2018,1.50
19-Oct-2018,1.50
22-Oct-2018,1.50
23-Oct-2018,1.50
24-Oct-2018,1.50
25-Oct-2018,1.50
26-Oct-2018,1.50
29-Oct-2018,1.50
30-Oct-2018,1.50
31-Oct-2018,1.50
01-Nov-2018,1.50
02-Nov-2018,1.50
05-Nov-2018,1.50
06-Nov-2018,1.50
07-Nov-2018,1.50
08-Nov-2018,1.50
09-Nov-2018,1.50
12-Nov-2018,1.50
13-Nov-2018,1.50
14-Nov-2018,1.50
15-Nov-2018,1.50
16-Nov-2018,1.50
19-Nov-2018,1.50
20-Nov-2018,1.50
21-Nov-2018,1.50
22-Nov-2018,1.50
23-Nov-2018,1.50
26-Nov-2018,1.50
27-Nov-2018,1.50
28-Nov-2018,1.50
29-Nov-2018,1.50
30-Nov-2018,1.50
03-Dec-2018,1.50
04-Dec-2018,1.50
05-Dec-2018,1.50
06-Dec-2018,1.50
07-Dec-2018,1.50
10-Dec-2018,1.50
11-Dec-2018,1.50
12-Dec-2018,1.50
13-Dec-2018,1.50
14-Dec-2018,1.50
17-Dec-2018,1.50
18-Dec-2018,1.50
19-Dec-2018,1.50
20-Dec-2018,1.50
21-Dec-2018,1.50
24-Dec-2018,1.50
27-Dec-2018,1.50
28-Dec-2018,1.50
31-Dec-2018,1.50
02-Jan-2019,1.50
03-Jan-2019,1.50
04-Jan-2019,1.50
07-Jan-2019,1.50
08-Jan-2019,1.50
09-Jan-2019,1.50
10-Jan-2019,1.50
11-Jan-2019,1.50
14-Jan-2019,1.50
15-Jan-2019,1.50
16-Jan-2019,1.50
17-Jan-2019,1.50
18-Jan-2019,1.50
21-Jan-2019,1.50
22-Jan-2019,1.50
23-Jan-2019,1.50
24-Jan-2019,1.50
25-Jan-2019,1.50
29-Jan-2019,1.50
30-Jan-2019,1.50
31-Jan-2019,1.50
01-Feb-2019,1.50
04-Feb-2019,1.50
05-Feb-2019,1.50
06-Feb-2019,1.50
07-Feb-2019,1.50
08-Feb-2019,1.50
11-Feb-2019,1.50
12-Feb-2019,1.50
13-Feb-2019,1.50
14-Feb-2019,1.50
15-Feb-2019,1.50
18-Feb-2019,1.50
19-Feb-2019,1.50
20-Feb-2019,1.50
21-Feb-2019,1.50
22-Feb-2019,1.50
25-Feb-2019,1.50
26-Feb-2019,1.50
27-Feb-2019,1.50
28-Feb-2019,1.50
01-Mar-2019,1.50
04-Mar-2019,1.50
05-Mar-2019,1.50
06-Mar-2019,1.50
07-Mar-2019,1.50
08-Mar-2019,1.50
11-Mar-2019,1.50
12-Mar-2019,1.50
13-Mar-2019,1.50
14-Mar-2019,1.50
15-Mar-2019,1.50
18-Mar-2019,1.50
19-Mar-2019,1.50
20-Mar-2019,1.50
21-Mar-2019,1.50
22-Mar-2019,1.50
25-Mar-2019,1.50
26-Mar-2019,1.50
27-Mar-2019,1.50
28-Mar-2019,1.50
29-Mar-2019,1.50
01-Apr-2019,1.50
02-Apr-2019,1.50
03-Apr-2019,1.50
04-Apr-2019,1.50
05-Apr-2019,1.50
08-Apr-2019,1.50
09-Apr-2019,1.50
10-Apr-2019,1.50
11-Apr-2019,1.50
12-Apr-2019,1.50
15-Apr-2019,1.50
16-Apr-2019,1.50
17-Apr-2019,1.50
18-Apr-2019,1.50
23-Apr-2019,1.50
24-Apr-2019,1.50
26-Apr-2019,1.50
29-Apr-2019,1.50
30-Apr-2019,1.50
01-May-2019,1.50
02-May-2019,1.50
03-May-2019,1.50
06-May-2019,1.50
07-May-2019,1.50
08-May-2019,1.50
09-May-2019,1.50
10-May-2019,1.50
13-May-2019,1.50
14-May-2019,1.50
15-May-2019,1.50
16-May-2019,1.50
17-May-2019,1.50
20-May-2019,1.50
21-May-2019,1.50
22-May-2019,1.50
23-May-2019,1.50
24-May-2019,1.50
27-May-2019,1.50
28-May-2019,1.50
29-May-2019,1.50
30-May-2019,1.50
31-May-2019,1.50
03-Jun-2019,1.50
04-Jun-2019,1.50
05-Jun-2019,1.25
06-Jun-2019,1.25
07-Jun-2019,1.25
11-Jun-2019,1.25
12-Jun-2019,1.25
13-Jun-2019,1.25
14-Jun-2019,1.25
17-Jun-2019,1.25
18-Jun-2019,1.25
19-Jun-2019,1.25
20-Jun-2019,1.25
21-Jun-2019,1.25
24-Jun-2019,1.25
25-Jun-2019,1.25
26-Jun-2019,1.25
27-Jun-2019,1.25
28-Jun-2019,1.25
01-Jul-2019,1.25
02-Jul-2019,1.25
03-Jul-2019,1.00
04-Jul-2019,1.00
05-Jul-2019,1.00
08-Jul-2019,1.00
09-Jul-2019,1.00
10-Jul-2019,1.00
11-Jul-2019,1.00
12-Jul-2019,1.00
15-Jul-2019,1.00
16-Jul-2019,1.00
17-Jul-2019,1.00
18-Jul-2019,1.00
19-Jul-2019,1.00
22-Jul-2019,1.00
23-Jul-2019,1.00
24-Jul-2019,1.00
25-Jul-2019,1.00
26-Jul-2019,1.00
29-Jul-2019,1.00
30-Jul-2019,1.00
31-Jul-2019,1.00
01-Aug-2019,1.00
02-Aug-2019,1.00
05-Aug-2019,1.00
06-Aug-2019,1.00
07-Aug-2019,1.00
08-Aug-2019,1.00
09-Aug-2019,1.00
12-Aug-2019,1.00
13-Aug-2019,1.00
14-Aug-2019,1.00
15-Aug-2019,1.00
16-Aug-2019,1.00
19-Aug-2019,1.00
20-Aug-2019,1.00
21-Aug-2019,1.00
22-Aug-2019,1.00
23-Aug-2019,1.00
26-Aug-2019,1.00
27-Aug-2019,1.00
28-Aug-2019,1.00
29-Aug-2019,1.00
30-Aug-2019,1.00
02-Sep-2019,1.00
03-Sep-2019,1.00
04-Sep-2019,1.00
05-Sep-2019,1.00
06-Sep-2019,1.00
09-Sep-2019,1.00
10-Sep-2019,1.00
11-Sep-2019,1.00
12-Sep-2019,1.00
13-Sep-2019,1.00
16-Sep-2019,1.00
17-Sep-2019,1.00
18-Sep-2019,1.00
19-Sep-2019,1.00
20-Sep-2019,1.00
23-Sep-2019,1.00
24-Sep-2019,1.00
25-Sep-2019,1.00
26-Sep-2019,1.00
27-Sep-2019,1.00
30-Sep-2019,1.00
01-Oct-2019,1.00
02-Oct-2019,0.75
03-Oct-2019,0.75
04-Oct-2019,0.75
07-Oct-2019,0.75
08-Oct-2019,0.75
09-Oct-2019,0.75
10-Oct-2019,0.75
11-Oct-2019,0.75
14-Oct-2019,0.75
15-Oct-2019,0.75
16-Oct-2019,0.75
17-Oct-2019,0.75
18-Oct-2019,0.75
21-Oct-2019,0.75
22-Oct-2019,0.75
23-Oct-2019,0.75
24-Oct-2019,0.75
25-Oct-2019,0.75
28-Oct-2019,0.75
29-Oct-2019,0.75
30-Oct-2019,0.75
31-Oct-2019,0.75
01-Nov-2019,0.75
04-Nov-2019,0.75
05-Nov-2019,0.75
06-Nov-2019,0.75
07-Nov-2019,0.75
08-Nov-2019,0.75
11-Nov-2019,0.75
12-Nov-2019,0.75
13-Nov-2019,0.75
14-Nov-2019,0.75
15-Nov-2019,0.75
18-Nov-2019,0.75
19-Nov-2019,0.75
20-Nov-2019,0.75
21-Nov-2019,0.75
22-Nov-2019,0.75
25-Nov-2019,0.75
26-Nov-2019,0.75
27-Nov-2019,0.75
28-Nov-2019,0.75
29-Nov-2019,0.75
02-Dec-2019,0.75
03-Dec-2019,0.75
04-Dec-2019,0.75
05-Dec-2019,0.75
06-Dec-2019,0.75
09-Dec-2019,0.75
10-Dec-2019,0.75
11-Dec-2019,0.75
12-Dec-2019,0.75
13-Dec-2019,0.75
16-Dec-2019,0.75
17-Dec-2019,0.75
18-Dec-2019,0.75
19-Dec-2019,0.75
20-Dec-2019,0.75
23-Dec-2019,0.75
24-Dec-2019,0.75
27-Dec-2019,0.75
30-Dec-2019,0.75
31-Dec-2019,0.75
02-Jan-2020,0.75
03-Jan-2020,0.75
06-Jan-2020,0.75
07-Jan-2020,0.75
08-Jan-2020,0.75
09-Jan-2020,0.75
10-Jan-2020,0.75
13-Jan-2020,0.75
14-Jan-2020,0.75
15-Jan-2020,0.75
16-Jan-2020,0.75
17-Jan-2020,0.75
20-Jan-2020,0.75
21-Jan-2020,0.75
22-Jan-2020,0.75
23-Jan-2020,0.75
24-Jan-2020,0.75
28-Jan-2020,0.75
29-Jan-2020,0.75
30-Jan-2020,0.75
31-Jan-2020,0.75
03-Feb-2020,0.75
04-Feb-2020,0.75
05-Feb-2020,0.75
06-Feb-2020,0.75
07-Feb-2020,0.75
10-Feb-2020,0.75
11-Feb-2020,0.75
12-Feb-2020,0.75
13-Feb-2020,0.75
14-Feb-2020,0.75
17-Feb-2020,0.75
18-Feb-2020,0.75
19-Feb-2020,0.75
20-Feb-2020,0.75
21-Feb-2020,0.75
24-Feb-2020,0.75
25-Feb-2020,0.75
26-Feb-2020,0.75
27-Feb-2020,0.75
28-Feb-2020,0.75
02-Mar-2020,0.75
03-Mar-2020,0.75
04-Mar-2020,0.50
05-Mar-2020,0.50
06-Mar-2020,0.50
09-Mar-2020,0.50
10-Mar-2020,0.50
11-Mar-2020,0.50
12-Mar-2020,0.50
13-Mar-2020,0.50
16-Mar-2020,0.50
17-Mar-2020,0.50
18-Mar-2020,0.50
19-Mar-2020,0.50
20-Mar-2020,0.25
23-Mar-2020,0.25
24-Mar-2020,0.25
25-Mar-2020,0.25
26-Mar-2020,0.25
27-Mar-2020,0.25
30-Mar-2020,0.25
31-Mar-2020,0.25
01-Apr-2020,0.25
02-Apr-2020,0.25
03-Apr-2020,0.25
06-Apr-2020,0.25
07-Apr-2020,0.25
08-Apr-2020,0.25
09-Apr-2020,0.25
14-Apr-2020,0.25
15-Apr-2020,0.25
16-Apr-2020,0.25
17-Apr-2020,0.25
20-Apr-2020,0.25
21-Apr-2020,0.25
22-Apr-2020,0.25
23-Apr-2020,0.25
24-Apr-2020,0.25
27-Apr-2020,0.25
28-Apr-2020,0.25
29-Apr-2020,0.25
30-Apr-2020,0.25
01-May-2020,0.25
04-May-2020,0.25
05-May-2020,0.25
06-May-2020,0.25
07-May-2020,0.25
08-May-2020,0.25
11-May-2020,0.25
12-May-2020,0.25
13-May-2020,0.25
14-May-2020,0.25
15-May-2020,0.25
18-May-2020,0.25
19-May-2020,0.25
20-May-2020,0.25
21-May-2020,0.25
22-May-2020,0.25
25-May-2020,0.25
26-May-2020,0.25
27-May-2020,0.25
28-May-2020,0.25
29-May-2020,0.25
01-Jun-2020,0.25
02-Jun-2020,0.25
03-Jun-2020,0.25
04-Jun-2020,0.25
05-Jun-2020,0.25
09-Jun-2020,0.25
10-Jun-2020,0.25
11-Jun-2020,0.25
12-Jun-2020,0.25
15-Jun-2020,0.25
16-Jun-2020,0.25
17-Jun-2020,0.25
18-Jun-2020,0.25
19-Jun-2020,0.25
22-Jun-2020,0.25
23-Jun-2020,0.25
24-Jun-2020,0.25
25-Jun-2020,0.25
26-Jun-2020,0.25
29-Jun-2020,0.25
30-Jun-2020,0.25
01-Jul-2020,0.25
02-Jul-2020,0.25
03-Jul-2020,0.25
06-Jul-2020,0.25
07-Jul-2020,0.25
08-Jul-2020,0.25
09-Jul-2020,0.25
10-Jul-2020,0.25
13-Jul-2020,0.25
14-Jul-2020,0.25
15-Jul-2020,0.25
16-Jul-2020,0.25
17-Jul-2020,0.25
20-Jul-2020,0.25
21-Jul-2020,0.25
22-Jul-2020,0.25
23-Jul-2020,0.25
24-Jul-2020,0.25
27-Jul-2020,0.25
28-Jul-2020,0.25
29-Jul-2020,0.25
30-Jul-2020,0.25
31-Jul-2020,0.25
03-Aug-2020,0.25
04-Aug-2020,0.25
05-Aug-2020,0.25
06-Aug-2020,0.25
07-Aug-2020,0.25
10-Aug-2020,0.25
11-Aug-2020,0.25
12-Aug-2020,0.25
13-Aug-2020,0.25
14-Aug-2020,0.25
17-Aug-2020,0.25
18-Aug-2020,0.25
19-Aug-2020,0.25
20-Aug-2020,0.25
21-Aug-2020,0.25
24-Aug-2020,0.25
25-Aug-2020,0.25
26-Aug-2020,0.25
27-Aug-2020,0.25
28-Aug-2020,0.25
31-Aug-2020,0.25
01-Sep-2020,0.25
02-Sep-2020,0.25
03-Sep-2020,0.25
04-Sep-2020,0.25
07-Sep-2020,0.25
08-Sep-2020,0.25
09-Sep-2020,0.25
10-Sep-2020,0.25
11-Sep-2020,0.25
14-Sep-2020,0.25
15-Sep-2020,0.25
16-Sep-2020,0.25
17-Sep-2020,0.25
18-Sep-2020,0.25
21-Sep-2020,0.25
22-Sep-2020,0.25
23-Sep-2020,0.25
24-Sep-2020,0.25
25-Sep-2020,0.25
28-Sep-2020,0.25
29-Sep-2020,0.25
30-Sep-2020,0.25
01-Oct-2020,0.25
02-Oct-2020,0.25
05-Oct-2020,0.25
06-Oct-2020,0.25
07-Oct-2020,0.25
08-Oct-2020,0.25
09-Oct-2020,0.25
12-Oct-2020,0.25
13-Oct-2020,0.25
14-Oct-2020,0.25
15-Oct-2020,0.25
16-Oct-2020,0.25
19-Oct-2020,0.25
20-Oct-2020,0.25
21-Oct-2020,0.25
22-Oct-2020,0.25
23-Oct-2020,0.25
26-Oct-2020,0.25
27-Oct-2020,0.25
28-Oct-2020,0.25
29-Oct-2020,0.25
30-Oct-2020,0.25
02-Nov-2020,0.25
03-Nov-2020,0.25
04-Nov-2020,0.10
05-Nov-2020,0.10
06-Nov-2020,0.10
09-Nov-2020,0.10
10-Nov-2020,0.10
11-Nov-2020,0.10
12-Nov-2020,0.10
13-Nov-2020,0.10
16-Nov-2020,0.10
17-Nov-2020,0.10
18-Nov-2020,0.10
19-Nov-2020,0.10
20-Nov-2020,0.10
23-Nov-2020,0.10
24-Nov-2020,0.10
25-Nov-2020,0.10
26-Nov-2020,0.10
27-Nov-2020,0.10
30-Nov-2020,0.10
01-Dec-2020,0.10
02-Dec-2020,0.10
03-Dec-2020,0.10
04-Dec-2020,0.10
07-Dec-2020,0.10
08-Dec-2020,0.10
09-Dec-2020,0.10
10-Dec-2020,0.10
11-Dec-2020,0.10
14-Dec-2020,0.10
15-Dec-2020,0.10
16-Dec-2020,0.10
17-Dec-2020,0.10
18-Dec-2020,0.10
21-Dec-2020,0.10
22-Dec-2020,0.10
23-Dec-2020,0.10
24-Dec-2020,0.10
29-Dec-2020,0.10
30-Dec-2020,0.10
31-Dec-2020,0.10
04-Jan-2021,0.10
05-Jan-2021,0.10
06-Jan-2021,0.10
07-Jan-2021,0.10
08-Jan-2021,0.10
11-Jan-2021,0.10
12-Jan-2021,0.10
13-Jan-2021,0.10
14-Jan-2021,0.10
15-Jan-2021,0.10
18-Jan-2021,0.10
19-Jan-2021,0.10
20-Jan-2021,0.10
21-Jan-2021,0.10
22-Jan-2021,0.10
25-Jan-2021,0.10
27-Jan-2021,0.10
28-Jan-2021,0.10
29-Jan-2021,0.10
01-Feb-2021,0.10
02-Feb-2021,0.10
03-Feb-2021,0.10
04-Feb-2021,0.10
05-Feb-2021,0.10
08-Feb-2021,0.10
09-Feb-2021,0.10
10-Feb-2021,0.10
11-Feb-2021,0.10
12-Feb-2021,0.10
15-Feb-2021,0.10
16-Feb-2021,0.10
17-Feb-2021,0.10
18-Feb-2021,0.10
19-Feb-2021,0.10
22-Feb-2021,0.10
23-Feb-2021,0.10
24-Feb-2021,0.10
25-Feb-2021,0.10
26-Feb-2021,0.10
01-Mar-2021,0.10
02-Mar-2021,0.10
03-Mar-2021,0.10
04-Mar-2021,0.10
05-Mar-2021,0.10
08-Mar-2021,0.10
09-Mar-2021,0.10
10-Mar-2021,0.10
11-Mar-2021,0.10
12-Mar-2021,0.10
15-Mar-2021,0.10
16-Mar-2021,0.10
17-Mar-2021,0.10
18-Mar-2021,0.10
19-Mar-2021,0.10
22-Mar-2021,0.10
23-Mar-2021,0.10
24-Mar-2021,0.10
25-Mar-2021,0.10
26-Mar-2021,0.10
29-Mar-2021,0.10
30-Mar-2021,0.10
31-Mar-2021,0.10
01-Apr-2021,0.10
06-Apr-2021,0.10
07-Apr-2021,0.10
08-Apr-2021,0.10
09-Apr-2021,0.10
12-Apr-2021,0.10
13-Apr-2021,0.10
14-Apr-2021,0.10
15-Apr-2021,0.10
16-Apr-2021,0.10
19-Apr-2021,0.10
20-Apr-2021,0.10
21-Apr-2021,0.10
22-Apr-2021,0.10
23-Apr-2021,0.10
26-Apr-2021,0.10
27-Apr-2021,0.10
28-Apr-2021,0.10
29-Apr-2021,0.10
30-Apr-2021,0.10
03-May-2021,0.10
04-May-2021,0.10
05-May-2021,0.10
06-May-2021,0.10
07-May-2021,0.10
10-May-2021,0.10
11-May-2021,0.10
12-May-2021,0.10
13-May-2021,0.10
14-May-2021,0.10
17-May-2021,0.10
18-May-2021,0.10
19-May-2021,0.10
20-May-2021,0.10
21-May-2021,0.10
24-May-2021,0.10
25-May-2021,0.10
26-May-2021,0.10
27-May-2021,0.10
28-May-2021,0.10
31-May-2021,0.10
01-Jun-2021,0.10
02-Jun-2021,0.10
03-Jun-2021,0.10
04-Jun-2021,0.10
07-Jun-2021,0.10
08-Jun-2021,0.10
09-Jun-2021,0.10
10-Jun-2021,0.10
11-Jun-2021,0.10
15-Jun-2021,0.10
16-Jun-2021,0.10
17-Jun-2021,0.10
18-Jun-2021,0.10
21-Jun-2021,0.10
22-Jun-2021,0.10
23-Jun-2021,0.10
24-Jun-2021,0.10
25-Jun-2021,0.10
28-Jun-2021,0.10
29-Jun-2021,0.10
30-Jun-2021,0.10
01-Jul-2021,0.10
02-Jul-2021,0.10
05-Jul-2021,0.10
06-Jul-2021,0.10
07-Jul-2021,0.10
08-Jul-2021,0.10
09-Jul-2021,0.10
12-Jul-2021,0.10
13-Jul-2021,0.10
14-Jul-2021,0.10
15-Jul-2021,0.10
16-Jul-2021,0.10
19-Jul-2021,0.10
20-Jul-2021,0.10
21-Jul-2021,0.10
22-Jul-2021,0.10
23-Jul-2021,0.10
26-Jul-2021,0.10
27-Jul-2021,0.10
28-Jul-2021,0.10
29-Jul-2021,0.10
30-Jul-2021,0.10
02-Aug-2021,0.10
03-Aug-2021,0.10
04-Aug-2021,0.10
05-Aug-2021,0.10
06-Aug-2021,0.10
09-Aug-2021,0.10
10-Aug-2021,0.10
11-Aug-2021,0.10
12-Aug-2021,0.10
13-Aug-2021,0.10
16-Aug-2021,0.10
17-Aug-2021,0.10
18-Aug-2021,0.10
19-Aug-2021,0.10
20-Aug-2021,0.10
23-Aug-2021,0.10
24-Aug-2021,0.10
25-Aug-2021,0.10
26-Aug-2021,0.10
27-Aug-2021,0.10
30-Aug-2021,0.10
31-Aug-2021,0.10
01-Sep-2021,0.10
02-Sep-2021,0.10
03-Sep-2021,0.10
06-Sep-2021,0.10
07-Sep-2021,0.10
08-Sep-2021,0.10
09-Sep-2021,0.10
10-Sep-2021,0.10
13-Sep-2021,0.10
14-Sep-2021,0.10
15-Sep-2021,0.10
16-Sep-2021,0.10
17-Sep-2021,0.10
20-Sep-2021,0.10
21-Sep-2021,0.10
22-Sep-2021,0.10
23-Sep-2021,0.10
24-Sep-2021,0.10
27-Sep-2021,0.10
28-Sep-2021,0.10
29-Sep-2021,0.10
30-Sep-2021,0.10
01-Oct-2021,0.10
04-Oct-2021,0.10
05-Oct-2021,0.10
06-Oct-2021,0.10
07-Oct-2021,0.10
08-Oct-2021,0.10
11-Oct-2021,0.10
12-Oct-2021,0.10
13-Oct-2021,0.10
14-Oct-2021,0.10
15-Oct-2021,0.10
18-Oct-2021,0.10
19-Oct-2021,0.10
20-Oct-2021,0.10
21-Oct-2021,0.10
22-Oct-2021,0.10
25-Oct-2021,0.10
26-Oct-2021,0.10
27-Oct-2021,0.10
28-Oct-2021,0.10
29-Oct-2021,0.10
01-Nov-2021,0.10
02-Nov-2021,0.10
03-Nov-2021,0.10
04-Nov-2021,0.10
05-Nov-2021,0.10
08-Nov-2021,0.10
09-Nov-2021,0.10
10-Nov-2021,0.10
11-Nov-2021,0.10
12-Nov-2021,0.10
15-Nov-2021,0.10
16-Nov-2021,0.10
17-Nov-2021,0.10
18-Nov-2021,0.10
19-Nov-2021,0.10
22-Nov-2021,0.10
23-Nov-2021,0.10
24-Nov-2021,0.10
25-Nov-2021,0.10
26-Nov-2021,0.10
29-Nov-2021,0.10
30-Nov-2021,0.10
01-Dec-2021,0.10
02-Dec-2021,0.10
03-Dec-2021,0.10
06-Dec-2021,0.10
07-Dec-2021,0.10
08-Dec-2021,0.10
09-Dec-2021,0.10
10-Dec-2021,0.10
13-Dec-2021,0.10
14-Dec-2021,0.10
15-Dec-2021,0.10
16-Dec-2021,0.10
17-Dec-2021,0.10
20-Dec-2021,0.10
21-Dec-2021,0.10
22-Dec-2021,0.10
23-Dec-2021,0.10
24-Dec-2021,0.10
29-Dec-2021,0.10
30-Dec-2021,0.10
31-Dec-2021,0.10
04-Jan-2022,0.10
05-Jan-2022,0.10
06-Jan-2022,0.10
07-Jan-2022,0.10
10-Jan-2022,0.10
11-Jan-2022,0.10
12-Jan-2022,0.10
13-Jan-2022,0.10
14-Jan-2022,0.10
17-Jan-2022,0.10
18-Jan-2022,0.10
19-Jan-2022,0.10
20-Jan-2022,0.10
21-Jan-2022,0.10
24-Jan-2022,0.10
25-Jan-2022,0.10
27-Jan-2022,0.10
28-Jan-2022,0.10
31-Jan-2022,0.10
01-Feb-2022,0.10
02-Feb-2022,0.10
03-Feb-2022,0.10
04-Feb-2022,0.10
07-Feb-2022,0.10
08-Feb-2022,0.10
09-Feb-2022,0.10
10-Feb-2022,0.10
11-Feb-2022,0.10
14-Feb-2022,0.10
15-Feb-2022,0.10
16-Feb-2022,0.10
17-Feb-2022,0.10
18-Feb-2022,0.10
21-Feb-2022,0.10
22-Feb-2022,0.10
23-Feb-2022,0.10
24-Feb-2022,0.10
25-Feb-2022,0.10
28-Feb-2022,0.10
01-Mar-2022,0.10
02-Mar-2022,0.10
03-Mar-2022,0.10
04-Mar-2022,0.10
07-Mar-2022,0.10
08-Mar-2022,0.10
09-Mar-2022,0.10
10-Mar-2022,0.10
11-Mar-2022,0.10
14-Mar-2022,0.10
15-Mar-2022,0.10
16-Mar-2022,0.10
17-Mar-2022,0.10
18-Mar-2022,0.10
21-Mar-2022,0.10
22-Mar-2022,0.10
23-Mar-2022,0.10
24-Mar-2022,0.10
25-Mar-2022,0.10
28-Mar-2022,0.10
29-Mar-2022,0.10
30-Mar-2022,0.10
31-Mar-2022,0.10
01-Apr-2022,0.10
04-Apr-2022,0.10
05-Apr-2022,0.10
06-Apr-2022,0.10
07-Apr-2022,0.10
08-Apr-2022,0.10
11-Apr-2022,0.10
12-Apr-2022,0.10
13-Apr-2022,0.10
14-Apr-2022,0.10
19-Apr-2022,0.10
20-Apr-2022,0.10
21-Apr-2022,0.10
22-Apr-2022,0.10
26-Apr-2022,0.10
27-Apr-2022,0.10
28-Apr-2022,0.10
29-Apr-2022,0.10
02-May-2022,0.10
03-May-2022,0.10
04-May-2022,0.35
05-May-2022,0.35
06-May-2022,0.35
09-May-2022,0.35
10-May-2022,0.35
11-May-2022,0.35
12-May-2022,0.35
13-May-2022,0.35
16-May-2022,0.35
17-May-2022,0.35
18-May-2022,0.35
19-May-2022,0.35
20-May-2022,0.35
23-May-2022,0.35
24-May-2022,0.35
25-May-2022,0.35
26-May-2022,0.35
27-May-2022,0.35
30-May-2022,0.35
31-May-2022,0.35
01-Jun-2022,0.35
02-Jun-2022,0.35
03-Jun-2022,0.35
06-Jun-2022,0.35
07-Jun-2022,0.35
08-Jun-2022,0.85
09-Jun-2022,0.85
10-Jun-2022,0.85
14-Jun-2022,0.85
15-Jun-2022,0.85
16-Jun-2022,0.85
17-Jun-2022,0.85
20-Jun-2022,0.85
21-Jun-2022,0.85
22-Jun-2022,0.85
23-Jun-2022,0.85
24-Jun-2022,0.85
27-Jun-2022,0.85
28-Jun-2022,0.85
29-Jun-2022,0.85
30-Jun-2022,0.85
01-Jul-2022,0.85
04-Jul-2022,0.85
05-Jul-2022,0.85
06-Jul-2022,1.35
07-Jul-2022,1.35
08-Jul-2022,1.35
11-Jul-2022,1.35
12-Jul-2022,1.35
13-Jul-2022,1.35
14-Jul-2022,1.35
15-Jul-2022,1.35
18-Jul-2022,1.35
19-Jul-2022,1.35
20-Jul-2022,1.35
21-Jul-2022,1.35
22-Jul-2022,1.35
25-Jul-2022,1.35
26-Jul-2022,1.35
27-Jul-2022,1.35
28-Jul-2022,1.35
29-Jul-2022,1.35
01-Aug-2022,1.35
02-Aug-2022,1.35
03-Aug-2022,1.85
04-Aug-2022,1.85
05-Aug-2022,1.85
08-Aug-2022,1.85
09-Aug-2022,1.85
10-Aug-2022,1.85
11-Aug-2022,1.85
12-Aug-2022,1.85
15-Aug-2022,1.85
16-Aug-2022,1.85
17-Aug-2022,1.85
18-Aug-2022,1.85
19-Aug-2022,1.85
22-Aug-2022,1.85
23-Aug-2022,1.85
24-Aug-2022,1.85
25-Aug-2022,1.85
26-Aug-2022,1.85
29-Aug-2022,1.85
30-Aug-2022,1.85
31-Aug-2022,1.85
01-Sep-2022,1.85
02-Sep-2022,1.85
05-Sep-2022,1.85
06-Sep-2022,1.85
07-Sep-2022,2.35
08-Sep-2022,2.35
09-Sep-2022,2.35
12-Sep-2022,2.35
13-Sep-2022,2.35
14-Sep-2022,2.35
15-Sep-2022,2.35
16-Sep-2022,2.35
19-Sep-2022,2.35
20-Sep-2022,2.35
21-Sep-2022,2.35
23-Sep-2022,2.35
26-Sep-2022,2.35
27-Sep-2022,2.35
28-Sep-2022,2.35
29-Sep-2022,2.35
30-Sep-2022,2.35
03-Oct-2022,2.35
04-Oct-2022,2.35
05-Oct-2022,2.60
06-Oct-2022,2.60
07-Oct-2022,2.60
10-Oct-2022,2.60
11-Oct-2022,2.60
12-Oct-2022,2.60
13-Oct-2022,2.60
14-Oct-2022,2.60
17-Oct-2022,2.60
18-Oct-2022,2.60
19-Oct-2022,2.60
20-Oct-2022,2.60
21-Oct-2022,2.60
24-Oct-2022,2.60
25-Oct-2022,2.60
26-Oct-2022,2.60
27-Oct-2022,2.60
28-Oct-2022,2.60
31-Oct-2022,2.60
01-Nov-2022,2.60
02-Nov-2022,2.85
03-Nov-2022,2.85
04-Nov-2022,2.85
07-Nov-2022,2.85
08-Nov-2022,2.85
09-Nov-2022,2.85
10-Nov-2022,2.85
11-Nov-2022,2.85
14-Nov-2022,2.85
15-Nov-2022,2.85
16-Nov-2022,2.85
17-Nov-2022,2.85
18-Nov-2022,2.85
21-Nov-2022,2.85
22-Nov-2022,2.85
23-Nov-2022,2.85
24-Nov-2022,2.85
25-Nov-2022,2.85
28-Nov-2022,2.85
29-Nov-2022,2.85
30-Nov-2022,2.85
01-Dec-2022,2.85
02-Dec-2022,2.85
05-Dec-2022,2.85
06-Dec-2022,2.85
07-Dec-2022,3.10
08-Dec-2022,3.10
09-Dec-2022,3.10
12-Dec-2022,3.10
13-Dec-2022,3.10
14-Dec-2022,3.10
15-Dec-2022,3.10
16-Dec-2022,3.10
19-Dec-2022,3.10
20-Dec-2022,3.10
21-Dec-2022,3.10
22-Dec-2022,3.10
23-Dec-2022,3.10
28-Dec-2022,3.10
29-Dec-2022,3.10
30-Dec-2022,
